Target,Model,accuracy,macro_f1,macro_precision,macro_recall,weighted_f1,weighted_precision,weighted_recall,macro_roc_auc,macro_pr_auc,weighted_roc_auc,weighted_pr_auc,Setting
anxiety,Reformer,0.7222,0.6215,0.6929,0.6174,0.6897,0.7079,0.7222,0.7331,0.6055,0.7331,0.6055,classification_anx_cls_wobg_clip_seq256_enc64_lr0.0002_Reformer_Mental_ftwobg_clip_sl256_ll48_pl0_dm128_nh8_el3_dl1_df256_expand2_dc4_fc1_ebtimeF_dtTrue_Exp_seq256_wobg_clip_lr0.0002_0
anxiety,PatchTST,0.7222,0.6442,0.6827,0.6363,0.7024,0.7062,0.7222,0.6379,0.4669,0.6379,0.4669,classification_anx_cls_src_clip_seq1024_enc256_lr0.0002_PatchTST_Mental_ftsrc_clip_sl1024_ll48_pl0_dm128_nh8_el3_dl1_df256_expand2_dc4_fc1_ebtimeF_dtTrue_Exp_seq1024_src_clip_lr0.0002_0
anxiety,Transformer,0.7063,0.6589,0.6627,0.6561,0.7033,0.7011,0.7063,0.7059,0.4754,0.7059,0.4754,classification_anx_cls_wobg_clip_seq256_enc64_lr0.0002_Transformer_Mental_ftwobg_clip_sl256_ll48_pl0_dm128_nh8_el3_dl1_df256_expand2_dc4_fc1_ebtimeF_dtTrue_Exp_seq256_wobg_clip_lr0.0002_0
anxiety,iTransformer,0.7063,0.5906,0.6667,0.593,0.6666,0.6861,0.7063,0.6353,0.4838,0.6353,0.4838,classification_anx_cls_wobg_clip_seq256_enc64_lr0.0002_iTransformer_Mental_ftwobg_clip_sl256_ll48_pl0_dm2048_nh8_el3_dl1_df256_expand2_dc4_fc1_ebtimeF_dtTrue_Exp_seq256_wobg_clip_lr0.0002_0
anxiety,Pyraformer,0.6984,0.5259,0.6838,0.5555,0.6258,0.6897,0.6984,0.728,0.5614,0.728,0.5614,classification_anx_cls_wobg_clip_seq256_enc64_lr0.0002_Pyraformer_Mental_ftwobg_clip_sl256_ll48_pl0_dm128_nh8_el3_dl1_df256_expand2_dc4_fc1_ebtimeF_dtTrue_Exp_seq256_wobg_clip_lr0.0002_0
anxiety,PatchTST,0.6984,0.4768,0.8455,0.5366,0.5957,0.7916,0.6984,0.5007,0.4058,0.5007,0.4058,classification_anx_cls_wobg_clip_seq256_enc64_lr0.0002_PatchTST_Mental_ftwobg_clip_sl256_ll48_pl0_dm128_nh8_el3_dl1_df256_expand2_dc4_fc1_ebtimeF_dtTrue_Exp_seq256_wobg_clip_lr0.0002_0
anxiety,DLinear,0.6905,0.6646,0.6613,0.6759,0.6971,0.7107,0.6905,0.7016,0.4971,0.7016,0.4971,classification_anx_cls_wobg_clip_seq256_enc64_lr0.0002_DLinear_Mental_ftwobg_clip_sl256_ll48_pl0_dm128_nh8_el3_dl1_df256_expand2_dc4_fc1_ebtimeF_dtTrue_Exp_seq256_wobg_clip_lr0.0002_0
anxiety,FiLM,0.6905,0.5685,0.6343,0.5749,0.6486,0.6617,0.6905,0.6522,0.4502,0.6522,0.4502,classification_anx_cls_wobg_clip_seq256_enc64_lr0.0002_FiLM_Mental_ftwobg_clip_sl256_ll48_pl0_dm128_nh8_el3_dl1_df256_expand2_dc4_fc1_ebtimeF_dtTrue_Exp_seq256_wobg_clip_lr0.0002_0
anxiety,Autoformer,0.6905,0.49,0.6792,0.537,0.6017,0.6835,0.6905,0.544,0.3889,0.544,0.3889,classification_anx_cls_wobg_clip_seq256_enc64_lr0.0002_Autoformer_Mental_ftwobg_clip_sl256_ll48_pl0_dm128_nh8_el3_dl1_df256_expand2_dc4_fc1_ebtimeF_dtTrue_Exp_seq256_wobg_clip_lr0.0002_0
anxiety,Informer,0.6905,0.5341,0.6425,0.556,0.6283,0.6632,0.6905,0.695,0.4907,0.695,0.4907,classification_anx_cls_wobg_clip_seq256_enc64_lr0.0002_Informer_Mental_ftwobg_clip_sl256_ll48_pl0_dm128_nh8_el3_dl1_df256_expand2_dc4_fc1_ebtimeF_dtTrue_Exp_seq256_wobg_clip_lr0.0002_0
anxiety,Crossformer,0.6905,0.4725,0.7193,0.5307,0.5909,0.7085,0.6905,0.6881,0.5166,0.6881,0.5166,classification_anx_cls_wobg_clip_seq256_enc64_lr0.0002_Crossformer_Mental_ftwobg_clip_sl256_ll48_pl0_dm128_nh8_el3_dl1_df256_expand2_dc4_fc1_ebtimeF_dtTrue_Exp_seq256_wobg_clip_lr0.0002_0
anxiety,TimesNet,0.6825,0.4853,0.6303,0.5311,0.5966,0.6508,0.6825,0.6293,0.4243,0.6293,0.4243,classification_anx_cls_wobg_clip_seq256_enc64_lr0.0002_TimesNet_Mental_ftwobg_clip_sl256_ll48_pl0_dm16_nh8_el2_dl1_df32_expand2_dc4_fc1_ebtimeF_dtTrue_Exp_seq256_wobg_clip_lr0.0002_0
anxiety,FEDformer,0.6825,0.4286,0.84,0.5122,0.5616,0.7841,0.6825,0.5145,0.334,0.5145,0.334,classification_anx_cls_wobg_clip_seq256_enc64_lr0.0002_FEDformer_Mental_ftwobg_clip_sl256_ll48_pl0_dm128_nh8_el3_dl1_df256_expand2_dc4_fc1_ebtimeF_dtTrue_Exp_seq256_wobg_clip_lr0.0002_0
anxiety,LightTS,0.6746,0.4028,0.3373,0.5,0.5435,0.4551,0.6746,0.5902,0.3535,0.5902,0.3535,classification_anx_cls_wobg_clip_seq256_enc64_lr0.0002_LightTS_Mental_ftwobg_clip_sl256_ll48_pl0_dm128_nh8_el3_dl1_df256_expand2_dc4_fc1_ebtimeF_dtTrue_Exp_seq256_wobg_clip_lr0.0002_0
depression,Informer,0.8413,0.7947,0.8156,0.7806,0.8366,0.8366,0.8413,0.8142,0.6119,0.8142,0.6119,classification_dep_cls_wobg_clip_seq256_enc64_lr0.0002_Informer_Mental_ftwobg_clip_sl256_ll48_pl0_dm128_nh8_el3_dl1_df256_expand2_dc4_fc1_ebtimeF_dtTrue_Exp_seq256_wobg_clip_lr0.0002_0
depression,DLinear,0.8254,0.7742,0.7937,0.7611,0.8203,0.8196,0.8254,0.758,0.5731,0.758,0.5731,classification_dep_cls_wobg_clip_seq256_enc64_lr0.0002_DLinear_Mental_ftwobg_clip_sl256_ll48_pl0_dm128_nh8_el3_dl1_df256_expand2_dc4_fc1_ebtimeF_dtTrue_Exp_seq256_wobg_clip_lr0.0002_0
depression,Transformer,0.8095,0.7433,0.7804,0.725,0.7992,0.8016,0.8095,0.8096,0.6331,0.8096,0.6331,classification_dep_cls_wobg_clip_seq256_enc64_lr0.0002_Transformer_Mental_ftwobg_clip_sl256_ll48_pl0_dm128_nh8_el3_dl1_df256_expand2_dc4_fc1_ebtimeF_dtTrue_Exp_seq256_wobg_clip_lr0.0002_0
depression,LightTS,0.8016,0.7505,0.7581,0.7444,0.7989,0.7972,0.8016,0.7688,0.6018,0.7688,0.6018,classification_dep_cls_wobg_clip_seq256_enc64_lr0.0002_LightTS_Mental_ftwobg_clip_sl256_ll48_pl0_dm128_nh8_el3_dl1_df256_expand2_dc4_fc1_ebtimeF_dtTrue_Exp_seq256_wobg_clip_lr0.0002_0
depression,Crossformer,0.7857,0.6774,0.7768,0.6583,0.7575,0.7821,0.7857,0.7142,0.5629,0.7142,0.5629,classification_dep_cls_wobg_clip_seq256_enc64_lr0.0002_Crossformer_Mental_ftwobg_clip_sl256_ll48_pl0_dm128_nh8_el3_dl1_df256_expand2_dc4_fc1_ebtimeF_dtTrue_Exp_seq256_wobg_clip_lr0.0002_0
depression,FiLM,0.7857,0.7255,0.7384,0.7167,0.7806,0.7783,0.7857,0.7843,0.5266,0.7843,0.5266,classification_dep_cls_wobg_clip_seq256_enc64_lr0.0002_FiLM_Mental_ftwobg_clip_sl256_ll48_pl0_dm128_nh8_el3_dl1_df256_expand2_dc4_fc1_ebtimeF_dtTrue_Exp_seq256_wobg_clip_lr0.0002_0
depression,TimesNet,0.7857,0.7143,0.7424,0.7,0.7755,0.7749,0.7857,0.7938,0.6123,0.7938,0.6123,classification_dep_cls_wobg_clip_seq256_enc64_lr0.0002_TimesNet_Mental_ftwobg_clip_sl256_ll48_pl0_dm128_nh8_el3_dl1_df256_expand2_dc4_fc1_ebtimeF_dtTrue_Exp_seq256_wobg_clip_lr0.0002_0
depression,Pyraformer,0.7698,0.6994,0.7176,0.6889,0.7618,0.7591,0.7698,0.7769,0.5059,0.7769,0.5059,classification_dep_cls_wobg_clip_seq256_enc64_lr0.0002_Pyraformer_Mental_ftwobg_clip_sl256_ll48_pl0_dm128_nh8_el3_dl1_df256_expand2_dc4_fc1_ebtimeF_dtTrue_Exp_seq256_wobg_clip_lr0.0002_0
depression,iTransformer,0.7619,0.6858,0.7066,0.675,0.7521,0.7493,0.7619,0.7127,0.5001,0.7127,0.5001,classification_dep_cls_wobg_clip_seq256_enc64_lr0.0002_iTransformer_Mental_ftwobg_clip_sl256_ll48_pl0_dm2048_nh8_el3_dl1_df256_expand2_dc4_fc1_ebtimeF_dtTrue_Exp_seq256_wobg_clip_lr0.0002_0
depression,TimesNet,0.7619,0.6719,0.7096,0.6583,0.7455,0.7458,0.7619,0.7148,0.5002,0.7148,0.5002,classification_dep_cls_wobg_clip_seq256_enc64_lr0.0002_TimesNet_Mental_ftwobg_clip_sl256_ll48_pl0_dm16_nh8_el2_dl1_df32_expand2_dc4_fc1_ebtimeF_dtTrue_Exp_seq256_wobg_clip_lr0.0002_0
depression,Reformer,0.754,0.6849,0.6956,0.6778,0.7481,0.7448,0.754,0.7812,0.5705,0.7812,0.5705,classification_dep_cls_wobg_clip_seq256_enc64_lr0.0002_Reformer_Mental_ftwobg_clip_sl256_ll48_pl0_dm128_nh8_el3_dl1_df256_expand2_dc4_fc1_ebtimeF_dtTrue_Exp_seq256_wobg_clip_lr0.0002_0
depression,Autoformer,0.7302,0.4732,0.8629,0.5278,0.6309,0.8041,0.7302,0.5287,0.3485,0.5287,0.3485,classification_dep_cls_wobg_clip_seq256_enc64_lr0.0002_Autoformer_Mental_ftwobg_clip_sl256_ll48_pl0_dm128_nh8_el3_dl1_df256_expand2_dc4_fc1_ebtimeF_dtTrue_Exp_seq256_wobg_clip_lr0.0002_0
depression,FEDformer,0.7143,0.4167,0.3571,0.5,0.5952,0.5102,0.7143,0.5858,0.3578,0.5858,0.3578,classification_dep_cls_wobg_clip_seq256_enc64_lr0.0002_FEDformer_Mental_ftwobg_clip_sl256_ll48_pl0_dm128_nh8_el3_dl1_df256_expand2_dc4_fc1_ebtimeF_dtTrue_Exp_seq256_wobg_clip_lr0.0002_0
depression,PatchTST,0.7143,0.5044,0.6144,0.5333,0.6426,0.6634,0.7143,0.6028,0.3769,0.6028,0.3769,classification_dep_cls_wobg_clip_seq256_enc64_lr0.0002_PatchTST_Mental_ftwobg_clip_sl256_ll48_pl0_dm128_nh8_el3_dl1_df256_expand2_dc4_fc1_ebtimeF_dtTrue_Exp_seq256_wobg_clip_lr0.0002_0
overall,DLinear,0.8333,0.8295,0.8349,0.8268,0.8323,0.834,0.8333,0.8857,0.9074,0.8857,0.9074,classification_ovr_cls_wobg_clip_seq256_enc64_lr0.0002_DLinear_Mental_ftwobg_clip_sl256_ll48_pl0_dm128_nh8_el3_dl1_df256_expand2_dc4_fc1_ebtimeF_dtTrue_Exp_seq256_wobg_clip_lr0.0002_0
overall,Pyraformer,0.8333,0.8315,0.831,0.8321,0.8335,0.8337,0.8333,0.8773,0.8818,0.8773,0.8818,classification_ovr_cls_wobg_clip_seq256_enc64_lr0.0002_Pyraformer_Mental_ftwobg_clip_sl256_ll48_pl0_dm128_nh8_el3_dl1_df256_expand2_dc4_fc1_ebtimeF_dtTrue_Exp_seq256_wobg_clip_lr0.0002_0
overall,Transformer,0.8333,0.8276,0.8412,0.8232,0.8311,0.8378,0.8333,0.8857,0.9047,0.8857,0.9047,classification_ovr_cls_wobg_clip_seq256_enc64_lr0.0002_Transformer_Mental_ftwobg_clip_sl256_ll48_pl0_dm128_nh8_el3_dl1_df256_expand2_dc4_fc1_ebtimeF_dtTrue_Exp_seq256_wobg_clip_lr0.0002_0
overall,LightTS,0.8175,0.8141,0.8166,0.8125,0.8169,0.8172,0.8175,0.8867,0.9091,0.8867,0.9091,classification_ovr_cls_wobg_clip_seq256_enc64_lr0.0002_LightTS_Mental_ftwobg_clip_sl256_ll48_pl0_dm128_nh8_el3_dl1_df256_expand2_dc4_fc1_ebtimeF_dtTrue_Exp_seq256_wobg_clip_lr0.0002_0
overall,Informer,0.8175,0.8122,0.821,0.8089,0.8157,0.8192,0.8175,0.8849,0.9077,0.8849,0.9077,classification_ovr_cls_wobg_clip_seq256_enc64_lr0.0002_Informer_Mental_ftwobg_clip_sl256_ll48_pl0_dm128_nh8_el3_dl1_df256_expand2_dc4_fc1_ebtimeF_dtTrue_Exp_seq256_wobg_clip_lr0.0002_0
overall,Reformer,0.8095,0.8011,0.8221,0.7964,0.8056,0.8174,0.8095,0.8849,0.8991,0.8849,0.8991,classification_ovr_cls_wobg_clip_seq256_enc64_lr0.0002_Reformer_Mental_ftwobg_clip_sl256_ll48_pl0_dm128_nh8_el3_dl1_df256_expand2_dc4_fc1_ebtimeF_dtTrue_Exp_seq256_wobg_clip_lr0.0002_0
overall,FiLM,0.8016,0.7905,0.8214,0.7857,0.7958,0.8151,0.8016,0.8441,0.8513,0.8441,0.8513,classification_ovr_cls_wobg_clip_seq256_enc64_lr0.0002_FiLM_Mental_ftwobg_clip_sl256_ll48_pl0_dm128_nh8_el3_dl1_df256_expand2_dc4_fc1_ebtimeF_dtTrue_Exp_seq256_wobg_clip_lr0.0002_0
overall,Crossformer,0.7937,0.7845,0.8046,0.7804,0.7894,0.8006,0.7937,0.8551,0.8818,0.8551,0.8818,classification_ovr_cls_wobg_clip_seq256_enc64_lr0.0002_Crossformer_Mental_ftwobg_clip_sl256_ll48_pl0_dm128_nh8_el3_dl1_df256_expand2_dc4_fc1_ebtimeF_dtTrue_Exp_seq256_wobg_clip_lr0.0002_0
overall,TimesNet,0.7778,0.7757,0.7751,0.7768,0.7781,0.7788,0.7778,0.8301,0.8515,0.8301,0.8515,classification_ovr_cls_wobg_clip_seq256_enc64_lr0.0002_TimesNet_Mental_ftwobg_clip_sl256_ll48_pl0_dm16_nh8_el2_dl1_df32_expand2_dc4_fc1_ebtimeF_dtTrue_Exp_seq256_wobg_clip_lr0.0002_0
overall,iTransformer,0.7698,0.7691,0.7698,0.7732,0.7706,0.776,0.7698,0.8314,0.8436,0.8314,0.8436,classification_ovr_cls_wobg_clip_seq256_enc64_lr0.0002_iTransformer_Mental_ftwobg_clip_sl256_ll48_pl0_dm2048_nh8_el3_dl1_df256_expand2_dc4_fc1_ebtimeF_dtTrue_Exp_seq256_wobg_clip_lr0.0002_0
overall,PatchTST,0.7063,0.6818,0.7264,0.6839,0.6916,0.7214,0.7063,0.7533,0.7418,0.7533,0.7418,classification_ovr_cls_src_clip_seq1024_enc256_lr0.0002_PatchTST_Mental_ftsrc_clip_sl1024_ll48_pl0_dm128_nh8_el3_dl1_df256_expand2_dc4_fc1_ebtimeF_dtTrue_Exp_seq1024_src_clip_lr0.0002_0
overall,PatchTST,0.6984,0.6803,0.7055,0.6804,0.6887,0.7034,0.6984,0.6776,0.7034,0.6776,0.7034,classification_ovr_cls_wobg_clip_seq256_enc64_lr0.0002_PatchTST_Mental_ftwobg_clip_sl256_ll48_pl0_dm128_nh8_el3_dl1_df256_expand2_dc4_fc1_ebtimeF_dtTrue_Exp_seq256_wobg_clip_lr0.0002_0
overall,Autoformer,0.6429,0.6327,0.6373,0.6321,0.6395,0.6401,0.6429,0.6158,0.7017,0.6158,0.7017,classification_ovr_cls_wobg_clip_seq256_enc64_lr0.0002_Autoformer_Mental_ftwobg_clip_sl256_ll48_pl0_dm128_nh8_el3_dl1_df256_expand2_dc4_fc1_ebtimeF_dtTrue_Exp_seq256_wobg_clip_lr0.0002_0
overall,FEDformer,0.5635,0.4052,0.581,0.5125,0.4393,0.5789,0.5635,0.6278,0.6608,0.6278,0.6608,classification_ovr_cls_wobg_clip_seq256_enc64_lr0.0002_FEDformer_Mental_ftwobg_clip_sl256_ll48_pl0_dm128_nh8_el3_dl1_df256_expand2_dc4_fc1_ebtimeF_dtTrue_Exp_seq256_wobg_clip_lr0.0002_0
suiside,FiLM,0.8333,0.7419,0.8153,0.7131,0.8175,0.828,0.8333,0.8062,0.6395,0.8062,0.6395,classification_sui_cls_wobg_clip_seq256_enc64_lr0.0002_FiLM_Mental_ftwobg_clip_sl256_ll48_pl0_dm128_nh8_el3_dl1_df256_expand2_dc4_fc1_ebtimeF_dtTrue_Exp_seq256_wobg_clip_lr0.0002_0
suiside,Reformer,0.8016,0.6731,0.7721,0.6506,0.7739,0.7911,0.8016,0.7404,0.5703,0.7404,0.5703,classification_sui_cls_wobg_clip_seq256_enc64_lr0.0002_Reformer_Mental_ftwobg_clip_sl256_ll48_pl0_dm128_nh8_el3_dl1_df256_expand2_dc4_fc1_ebtimeF_dtTrue_Exp_seq256_wobg_clip_lr0.0002_0
suiside,Pyraformer,0.8016,0.6833,0.7612,0.6609,0.7785,0.7884,0.8016,0.7779,0.5588,0.7779,0.5588,classification_sui_cls_wobg_clip_seq256_enc64_lr0.0002_Pyraformer_Mental_ftwobg_clip_sl256_ll48_pl0_dm128_nh8_el3_dl1_df256_expand2_dc4_fc1_ebtimeF_dtTrue_Exp_seq256_wobg_clip_lr0.0002_0
suiside,PatchTST,0.7937,0.5971,0.8917,0.5938,0.7356,0.8384,0.7937,0.5947,0.4868,0.5947,0.4868,classification_sui_cls_wobg_clip_seq256_enc64_lr0.0002_PatchTST_Mental_ftwobg_clip_sl256_ll48_pl0_dm128_nh8_el3_dl1_df256_expand2_dc4_fc1_ebtimeF_dtTrue_Exp_seq256_wobg_clip_lr0.0002_0
suiside,Transformer,0.7937,0.7089,0.7277,0.6968,0.7862,0.783,0.7937,0.7543,0.5504,0.7543,0.5504,classification_sui_cls_wobg_clip_seq256_enc64_lr0.0002_Transformer_Mental_ftwobg_clip_sl256_ll48_pl0_dm128_nh8_el3_dl1_df256_expand2_dc4_fc1_ebtimeF_dtTrue_Exp_seq256_wobg_clip_lr0.0002_0
suiside,TimesNet,0.7937,0.6543,0.7589,0.635,0.7623,0.7809,0.7937,0.7663,0.5665,0.7663,0.5665,classification_sui_cls_wobg_clip_seq256_enc64_lr0.0002_TimesNet_Mental_ftwobg_clip_sl256_ll48_pl0_dm16_nh8_el2_dl1_df32_expand2_dc4_fc1_ebtimeF_dtTrue_Exp_seq256_wobg_clip_lr0.0002_0
suiside,Informer,0.7937,0.685,0.7354,0.6659,0.776,0.7774,0.7937,0.736,0.5137,0.736,0.5137,classification_sui_cls_wobg_clip_seq256_enc64_lr0.0002_Informer_Mental_ftwobg_clip_sl256_ll48_pl0_dm128_nh8_el3_dl1_df256_expand2_dc4_fc1_ebtimeF_dtTrue_Exp_seq256_wobg_clip_lr0.0002_0
suiside,iTransformer,0.7778,0.6865,0.7035,0.6759,0.7697,0.7657,0.7778,0.736,0.4531,0.736,0.4531,classification_sui_cls_wobg_clip_seq256_enc64_lr0.0002_iTransformer_Mental_ftwobg_clip_sl256_ll48_pl0_dm2048_nh8_el3_dl1_df256_expand2_dc4_fc1_ebtimeF_dtTrue_Exp_seq256_wobg_clip_lr0.0002_0
suiside,LightTS,0.7778,0.6507,0.7083,0.6346,0.7544,0.7562,0.7778,0.7483,0.4795,0.7483,0.4795,classification_sui_cls_wobg_clip_seq256_enc64_lr0.0002_LightTS_Mental_ftwobg_clip_sl256_ll48_pl0_dm128_nh8_el3_dl1_df256_expand2_dc4_fc1_ebtimeF_dtTrue_Exp_seq256_wobg_clip_lr0.0002_0
suiside,DLinear,0.7698,0.5601,0.7437,0.5675,0.7096,0.7582,0.7698,0.7626,0.4833,0.7626,0.4833,classification_sui_cls_wobg_clip_seq256_enc64_lr0.0002_DLinear_Mental_ftwobg_clip_sl256_ll48_pl0_dm128_nh8_el3_dl1_df256_expand2_dc4_fc1_ebtimeF_dtTrue_Exp_seq256_wobg_clip_lr0.0002_0
suiside,Crossformer,0.7619,0.5542,0.6981,0.5622,0.704,0.7341,0.7619,0.6712,0.4698,0.6712,0.4698,classification_sui_cls_wobg_clip_seq256_enc64_lr0.0002_Crossformer_Mental_ftwobg_clip_sl256_ll48_pl0_dm128_nh8_el3_dl1_df256_expand2_dc4_fc1_ebtimeF_dtTrue_Exp_seq256_wobg_clip_lr0.0002_0
suiside,FEDformer,0.754,0.5485,0.6624,0.5568,0.6984,0.715,0.754,0.6333,0.4026,0.6333,0.4026,classification_sui_cls_wobg_clip_seq256_enc64_lr0.0002_FEDformer_Mental_ftwobg_clip_sl256_ll48_pl0_dm128_nh8_el3_dl1_df256_expand2_dc4_fc1_ebtimeF_dtTrue_Exp_seq256_wobg_clip_lr0.0002_0
suiside,PatchTST,0.746,0.4273,0.373,0.5,0.6375,0.5566,0.746,0.7247,0.5388,0.7247,0.5388,classification_sui_cls_src_clip_seq1024_enc256_lr0.0002_PatchTST_Mental_ftsrc_clip_sl1024_ll48_pl0_dm128_nh8_el3_dl1_df256_expand2_dc4_fc1_ebtimeF_dtTrue_Exp_seq1024_src_clip_lr0.0002_0
suiside,Autoformer,0.746,0.4273,0.373,0.5,0.6375,0.5566,0.746,0.5575,0.2978,0.5575,0.2978,classification_sui_cls_wobg_clip_seq256_enc64_lr0.0002_Autoformer_Mental_ftwobg_clip_sl256_ll48_pl0_dm128_nh8_el3_dl1_df256_expand2_dc4_fc1_ebtimeF_dtTrue_Exp_seq256_wobg_clip_lr0.0002_0
